id;votes;priority;severity;precedence
197068;10;0.6;0.4;
332717;45;0.6;0.6;
344826;0;0.6;0.6;
129368;0;0.6;0.2;
104491;32;0.6;0.4;
323404;13;0.6;1.0;
338819;30;0.6;0.2;
153183;22;0.6;0.2;
315727;17;0.6;0.4;
330634;22;0.6;1.0;
307052;0;0.6;1.0;
235862;61;0.6;0.2;
101118;20;0.6;1.0;
120384;0;0.6;0.4;
328891;114;0.6;1.0;
339603;37;0.6;0.8;
342265;20;0.6;0.8;
205305;0;0.6;0.2;
332298;34;0.6;0.4;
345775;0;0.6;0.2;
86649;0;0.6;0.6;
160529;128;0.6;0.8;
330852;18;0.6;0.2;
344502;83;0.6;0.8;
333941;60;0.6;0.4;
341196;42;0.6;0.6;
227290;20;0.6;0.2;
284250;40;0.6;0.4;
321136;20;0.6;1.0;
343286;69;0.6;0.8;
327803;0;0.6;1.0;
145294;0;0.6;1.0;
248777;20;0.6;0.6;
344267;0;0.6;0.6;
346102;0;0.6;1.0;
344584;0;0.6;0.2;
336085;0;0.6;0.6;
283227;11;0.6;0.6;
101457;50;0.6;0.2;
331736;25;0.6;0.8;
345003;2;0.6;0.2;
343506;0;0.6;0.6;
334032;3;0.6;0.4;
330843;120;0.6;0.2;
333627;12;0.6;0.4;
330275;0;0.6;1.0;
339394;0;0.6;0.6;
342507;0;0.6;1.0;
82430;40;0.6;0.4;
335988;23;0.6;0.4;
322004;0;0.6;0.6;
339066;80;0.6;0.8;
292766;25;0.6;1.0;
345602;0;0.6;1.0;
328348;18;0.6;0.4;
140514;10;0.6;0.6;
343629;60;0.6;0.6;
162376;29;0.6;0.8;
129204;0;0.6;0.6;
288835;0;0.6;0.6;
107710;55;0.6;0.6;
344720;0;0.6;0.4;
331465;0;0.6;0.2;
186084;0;0.6;1.0;
312169;41;0.6;1.0;
333130;0;0.6;0.8;
146239;98;0.6;0.8;
345254;0;0.6;1.0;
345930;0;0.6;1.0;
146192;1;0.6;1.0;
326064;2;0.6;0.4;
127812;49;0.6;0.4;
318457;20;0.6;0.2;
259599;0;0.6;1.0;
315189;30;0.6;0.4;
309096;14;0.6;0.2;
226866;26;0.6;0.4;
243740;5;0.6;1.0;
127549;95;0.6;0.6;
269361;58;0.6;0.4;
340778;0;0.6;0.6;
313022;0;0.6;0.1;
345542;0;0.6;0.4;
117648;34;0.6;0.1;
127761;0;0.6;0.1;
202085;0;0.6;0.1;
333402;15;0.6;0.4;
309595;2;0.6;1.0;
152837;5;0.6;0.1;
322532;29;0.6;0.4;
307102;0;0.6;0.4;
267508;58;0.6;0.8;
279054;22;0.6;0.6;
345455;37;0.6;0.6;
310785;68;0.6;0.4;
298533;0;0.6;0.8;
148446;0;0.6;0.1;
329910;0;0.6;0.4;
332122;20;0.6;0.4;
143399;0;0.6;0.4;
293365;20;0.6;0.1;
195689;0;0.6;0.1;
344481;48;0.6;0.4;
338113;70;0.6;0.4;
296932;38;0.6;0.1;
337641;23;0.6;0.4;
163654;33;0.6;0.1;
321801;2;0.6;0.4;
341680;0;0.6;0.4;
335121;0;0.6;0.4;
242704;57;0.6;0.1;
160005;20;0.6;0.8;
338442;35;0.6;0.2;
344414;0;0.6;0.1;
322570;36;0.6;0.1;
134781;12;0.6;0.1;
334984;20;0.6;0.4;
332623;0;0.6;0.4;
333323;0;0.6;0.1;
342659;0;0.6;0.1;
339337;4;0.6;0.4;
332600;0;0.6;0.1;
216689;38;0.6;0.2;
334399;0;0.6;0.1;
284474;93;0.6;0.1;
338270;0;0.6;1.0;
164074;0;0.6;0.6;
238249;0;0.6;0.1;
328312;0;0.6;0.6;
345027;0;0.6;0.55;
176095;0;0.6;0.1;
277348;0;0.6;0.1;
344636;9;0.6;0.7;
159779;0;0.6;0.2;
335941;0;0.6;1.0;
323815;57;0.6;0.4;
315806;44;0.6;0.2;
344112;0;0.6;0.4;
333656;0;0.6;0.25;
160988;9;0.6;0.1;
345931;0;0.6;0.4;
319014;0;0.6;0.1;
337719;0;0.6;0.1;
154043;0;0.6;0.1;
315519;65;0.6;0.1;
100203;21;0.6;0.8;
339676;53;0.8;0.4;
341301;0;0.6;0.4;
203355;47;0.6;0.1;
338236;5;0.6;0.4;
278610;0;0.6;0.1;
244699;2;0.6;0.1;
215723;0;0.6;0.2;
338551;3;0.6;0.25;
292485;0;0.6;0.4;
323060;0;0.6;0.4;
309493;40;0.6;0.4;
241877;20;0.6;0.8;
124361;31;0.6;1.0;
171662;0;0.6;1.0;
343158;0;0.6;0.4;
176810;0;0.6;0.1;
306373;49;0.6;0.1;
293512;50;0.6;0.1;
190947;30;0.6;0.1;
121088;24;0.6;0.6;
83301;15;0.6;0.1;
241829;2;0.6;0.1;
344976;11;0.6;0.4;
333337;0;0.6;0.25;
272421;0;0.6;0.4;
89576;0;0.6;0.4;300453,
140513;9;0.6;1.0;
278483;0;0.6;0.1;
192458;10;0.8;0.4;
312430;46;0.6;0.6;
342779;0;0.6;0.25;
179775;44;0.6;0.6;
189471;0;0.6;0.4;
193723;0;0.6;0.1;
335760;0;0.6;0.55;
333446;69;0.6;0.2;
338066;0;0.6;0.55;
339061;0;0.6;0.2;
331281;22;0.6;0.4;
241502;40;1.0;0.1;
314381;0;0.4;0.6;
330221;42;0.6;0.55;
323132;0;0.6;0.4;
191028;0;0.6;0.2;
337730;41;0.6;0.4;
346386;21;0.6;0.4;
325877;132;0.6;1.0;
343916;0;0.6;0.55;
161961;0;0.6;0.1;
142915;0;0.6;0.8;
344632;0;0.6;0.4;
154380;0;0.6;1.0;
288413;33;0.6;1.0;
214532;0;0.6;0.4;
156532;0;0.6;0.1;
327842;0;0.6;0.4;
201055;13;0.6;0.8;
328728;16;0.6;1.0;
344505;12;0.6;0.1;
344551;0;0.6;0.1;
146181;13;0.6;0.8;
131604;0;0.6;0.1;
311508;20;0.6;0.1;
113546;39;0.6;0.1;
324940;4;0.6;0.1;
294396;0;0.6;0.4;
333194;36;0.6;0.8;
109338;80;0.6;0.1;
148390;59;0.6;0.8;
297883;0;0.6;0.1;
151461;22;0.6;0.1;
117283;50;0.8;0.1;
346464;44;0.6;0.4;
314752;0;0.6;0.4;
324376;0;0.6;0.4;
197283;20;0.6;0.1;
134346;20;0.6;1.0;
330750;48;0.6;0.1;
226905;20;1.0;0.1;
111553;67;0.6;0.1;
325039;3;0.6;0.2;
342594;44;0.6;0.4;
317576;0;0.6;0.4;
333401;10;0.6;0.4;
189688;29;0.6;0.2;
59974;30;0.6;0.8;
309279;0;0.6;0.6;
317278;0;0.6;0.4;
124977;22;0.6;0.1;
186079;13;0.6;0.1;
333203;0;0.6;0.4;
175347;0;0.6;0.4;
331929;88;0.6;0.4;
146477;20;0.6;0.1;
